filename,text,xmin,xmax,ymin,ymax
mglkhopat_64_2022-12-11T10-01-00+0530.jpg,MH04HZ6482,1336,1387,366,398
mglkhopat_64_2022-12-11T10-02-00+0530.jpg,MH04HZ6482,1336,1385,368,395
mglkhopat_64_2022-12-11T10-04-00+0530.jpg,MH04HZ5640,1313,1367,299,331
mglkhopat_64_2022-12-11T10-05-00+0530.jpg,MH04HZ5640,1318,1369,299,331
mglkhopat_64_2022-12-11T10-06-00+0530.jpg,MH03DH1485,1763,1849,1109,1152
mglkhopat_64_2022-12-11T10-07-00+0530.jpg,MH04HJ1936,1430,1489,287,322
mglkhopat_64_2022-12-11T10-11-00+0530.jpg,MH0GHJ6039,1450,1496,317,356
mglkhopat_64_2022-12-11T10-12-00+0530.jpg,MH04JH6120,1368,1415,454,482
mglkhopat_64_2022-12-11T10-23-00+0530.jpg,MH04KL6802,1112,1250,564,611
mglkhopat_64_2022-12-11T10-24-00+0530.jpg,MH04KL6802,1114,1246,565,611
mglkhopat_64_2022-12-11T10-25-00+0530.jpg,MH04KL6802,1113,1245,564,609
mglkhopat_64_2022-12-11T10-26-00+0530.jpg,MH04KL6802,1115,1246,565,610
mglkhopat_64_2022-12-11T10-27-00+0530.jpg,KH04KL6602,1497,1557,223,261
mglkhopat_64_2022-12-11T10-29-00+0530.jpg,MH01DR2441,1037,1145,366,425
mglkhopat_64_2022-12-11T10-30-00+0530.jpg,MH01DR2441,1168,1304,640,685
mglkhopat_64_2022-12-11T10-31-00+0530.jpg,MH01DR2441,1169,1304,640,684
mglkhopat_64_2022-12-11T10-32-00+0530.jpg,MH01DR2441,1157,1307,625,680
mglkhopat_64_2022-12-11T10-33-00+0530.jpg,MH01DR2441,1168,1304,640,684
mglkhopat_64_2022-12-11T10-34-00+0530.jpg,MH01DR2441,1156,1309,625,681
mglkhopat_64_2022-12-11T10-35-00+0530.jpg,MH01DR2441,1169,1304,641,686
mglkhopat_64_2022-12-11T10-36-00+0530.jpg,MH01DR2441,1172,1307,644,689
mglkhopat_64_2022-12-11T10-37-00+0530.jpg,MH01DR2441,1171,1309,643,687
mglkhopat_64_2022-12-11T10-38-00+0530.jpg,MH01DR2441,1171,1307,642,686
mglkhopat_64_2022-12-11T10-39-00+0530.jpg,MH01DR2441,1172,1304,643,686
mglkhopat_64_2022-12-11T10-40-00+0530.jpg,MH01DR2441,1176,1302,644,686
mglkhopat_64_2022-12-11T10-42-00+0530.jpg,MH46BB9218,918,1030,493,538
mglkhopat_64_2022-12-11T10-43-00+0530.jpg,MH46BB9218,915,1029,492,539
mglkhopat_64_2022-12-11T10-44-00+0530.jpg,MH46BB9218,921,1032,492,538
mglkhopat_64_2022-12-11T10-54-00+0530.jpg,MH04CW6912,1475,1529,468,497
mglkhopat_64_2022-12-11T10-57-00+0530.jpg,MH01CI9057,1300,1370,489,544
mglkhopat_64_2022-12-11T10-59-00+0530.jpg,MH04JO6608,1675,1770,1178,1207
mglkhopat_64_2022-12-11T11-01-00+0530.jpg,MH04KX3137,2286,2420,1279,1425
mglkhopat_64_2022-12-11T11-08-00+0530.jpg,MH04KB7719,2118,2286,1250,1415
mglkhopat_64_2022-12-11T11-09-00+0530.jpg,MH04KX2515,1465,1529,621,660
mglkhopat_64_2022-12-11T11-10-00+0530.jpg,MH04KX2515,1445,1496,550,579
mglkhopat_64_2022-12-11T11-16-00+0530.jpg,MH04KK8838,1364,1422,357,391
mglkhopat_64_2022-12-11T11-18-00+0530.jpg,MH46JH0990,1658,1707,301,342
mglkhopat_64_2022-12-11T11-23-00+0530.jpg,MH03CP6963,1275,1339,268,307
mglkhopat_64_2022-12-11T11-24-00+0530.jpg,MH03CP6963,1276,1338,265,304
mglkhopat_64_2022-12-11T11-25-00+0530.jpg,HD3CP6563,1291,1345,273,305
mglkhopat_64_2022-12-11T11-27-00+0530.jpg,MH03BN0939,1347,1393,342,369
mglkhopat_64_2022-12-11T11-28-00+0530.jpg,MH03BN0939,1346,1394,338,366
mglkhopat_64_2022-12-11T11-29-00+0530.jpg,MH03BN0939,1344,1400,336,372
mglkhopat_64_2022-12-11T11-31-00+0530.jpg,DL6AH4005,1336,1381,309,345
mglkhopat_64_2022-12-11T11-32-00+0530.jpg,BR06AH4005,1320,1387,312,352
mglkhopat_64_2022-12-11T11-36-00+0530.jpg,MH03BS6624,1145,1272,545,592
mglkhopat_64_2022-12-11T11-37-00+0530.jpg,MH03BS6624,1152,1275,541,586
mglkhopat_64_2022-12-11T11-38-00+0530.jpg,MH03BS6624,1149,1275,541,586
mglkhopat_64_2022-12-11T11-39-00+0530.jpg,MH03BS6624,1149,1269,547,592
mglkhopat_64_2022-12-11T11-41-00+0530.jpg,MH02EKA5696,1410,1459,472,500
mglkhopat_64_2022-12-11T11-42-00+0530.jpg,MH04UH0374,1422,1517,661,730
mglkhopat_64_2022-12-11T11-46-00+0530.jpg,MH01CY8563,1031,1120,394,447
mglkhopat_64_2022-12-11T11-47-00+0530.jpg,MH01CV8563,1311,1455,661,704
mglkhopat_64_2022-12-11T11-48-00+0530.jpg,MH01CV8563,1312,1454,660,704
mglkhopat_64_2022-12-11T11-49-00+0530.jpg,MH01CV8563,1312,1455,661,704
mglkhopat_64_2022-12-11T11-50-00+0530.jpg,MH01CV8563,1313,1454,660,703
mglkhopat_64_2022-12-11T11-51-00+0530.jpg,MH01CV8563,1151,1278,541,588
mglkhopat_64_2022-12-11T11-52-00+0530.jpg,MH04GH6796,1425,1480,326,360
mglkhopat_64_2022-12-11T11-54-00+0530.jpg,WB04GN6796,1426,1484,318,362
mglkhopat_64_2022-12-11T11-55-00+0530.jpg,MH04HZ5512,1456,1506,275,310
mglkhopat_64_2022-12-11T11-58-00+0530.jpg,DR04AN3287,1348,1407,432,491
mglkhopat_64_2022-12-11T12-01-00+0530.jpg,MH04KU1149,1130,1264,562,606
mglkhopat_64_2022-12-11T12-02-00+0530.jpg,MH04KU1149,1130,1262,562,606
mglkhopat_64_2022-12-11T12-03-00+0530.jpg,MH04KU1149,1130,1266,563,607
mglkhopat_64_2022-12-11T12-04-00+0530.jpg,MH04KU1149,1131,1261,564,607
mglkhopat_64_2022-12-11T12-05-00+0530.jpg,MH04KU1149,1133,1262,564,606
mglkhopat_64_2022-12-11T12-06-00+0530.jpg,MH04KU1149,1002,1067,307,353
mglkhopat_64_2022-12-11T12-08-00+0530.jpg,MH04GU9928,1937,2016,388,435
mglkhopat_64_2022-12-11T12-12-00+0530.jpg,MH04K4397,1451,1504,447,475
mglkhopat_64_2022-12-11T12-23-00+0530.jpg,AH0430,2099,2186,1280,1388
mglkhopat_64_2022-12-11T12-25-00+0530.jpg,MH34CW7973,1568,1640,814,851
mglkhopat_64_2022-12-11T12-30-00+0530.jpg,MH01CT6979,1368,1518,748,778
mglkhopat_64_2022-12-11T12-31-00+0530.jpg,MH01CT6979,1360,1519,755,785
mglkhopat_64_2022-12-11T12-32-00+0530.jpg,MH01CT6979,1369,1519,746,777
mglkhopat_64_2022-12-11T12-33-00+0530.jpg,MH01CT6979,1364,1520,747,778
mglkhopat_64_2022-12-11T12-34-00+0530.jpg,MH01CT6979,1366,1520,747,778
mglkhopat_64_2022-12-11T12-35-00+0530.jpg,MH01CT6979,1365,1513,759,788
mglkhopat_64_2022-12-11T12-36-00+0530.jpg,MH01CT6979,959,1061,402,443
mglkhopat_64_2022-12-11T12-43-00+0530.jpg,MH43BE8235,1598,1709,666,695
mglkhopat_64_2022-12-11T12-44-00+0530.jpg,MH43BE8235,1598,1703,664,692
mglkhopat_64_2022-12-11T12-45-00+0530.jpg,MH43BE8235,1597,1702,666,693
mglkhopat_64_2022-12-11T12-46-00+0530.jpg,MH43BE8235,1602,1710,668,695
mglkhopat_64_2022-12-11T12-47-00+0530.jpg,MH43BE8235,1600,1712,667,694
mglkhopat_64_2022-12-11T12-54-00+0530.jpg,MH04KA440,1492,1606,1192,1283
mglkhopat_64_2022-12-11T13-08-00+0530.jpg,MH04LE1967,1520,1733,1262,1322
mglkhopat_64_2022-12-11T13-12-00+0530.jpg,MH04HM6777,1189,1326,517,560
mglkhopat_64_2022-12-11T13-13-00+0530.jpg,MH04HM6777,1190,1323,517,560
mglkhopat_64_2022-12-11T13-14-00+0530.jpg,MH04HM6777,1189,1321,517,560
mglkhopat_64_2022-12-11T13-15-00+0530.jpg,MH04HM6777,1099,1251,598,651
mglkhopat_64_2022-12-11T13-18-00+0530.jpg,MH04HF2678,1495,1626,659,689
mglkhopat_64_2022-12-11T13-19-00+0530.jpg,MH04HF2678,1493,1627,658,688
mglkhopat_64_2022-12-11T13-20-00+0530.jpg,MH04HF2678,1494,1628,658,689
mglkhopat_64_2022-12-11T13-23-00+0530.jpg,MH4HH8279,1874,1928,1125,1160
mglkhopat_64_2022-12-11T13-24-00+0530.jpg,MH04KX3340,1890,1957,738,767
mglkhopat_64_2022-12-11T13-25-00+0530.jpg,MH04XX3340,1888,1954,740,769
mglkhopat_64_2022-12-11T13-26-00+0530.jpg,MH02RX3340,1890,1956,740,769
mglkhopat_64_2022-12-11T13-43-00+0530.jpg,MH04EX2218,1050,1139,401,445
mglkhopat_64_2022-12-11T13-44-00+0530.jpg,MH04EX2218,1046,1147,397,444
mglkhopat_64_2022-12-11T13-45-00+0530.jpg,MH04EX2218,1044,1147,398,446
mglkhopat_64_2022-12-11T13-46-00+0530.jpg,MH04EX2218,1050,1143,401,447
mglkhopat_64_2022-12-11T13-57-00+0530.jpg,MH04FC1441,2118,2319,1257,1409
mglkhopat_64_2022-12-11T13-58-00+0530.jpg,MH04FC1448,2125,2325,1252,1413
mglkhopat_64_2022-12-11T13-59-00+0530.jpg,PG04FC1442,2064,2265,1216,1396
mglkhopat_65_2022-12-11T10-00-00+0530.jpg,MH12KT2553,2187,2256,865,896
mglkhopat_65_2022-12-11T10-01-00+0530.jpg,HH2KT2553,2191,2252,871,898
mglkhopat_65_2022-12-11T10-02-00+0530.jpg,MH04AF5000,168,222,726,749
mglkhopat_65_2022-12-11T10-03-00+0530.jpg,MH04AF5000,168,226,724,746
mglkhopat_65_2022-12-11T10-04-00+0530.jpg,MH02BQ9992,128,202,671,691
mglkhopat_65_2022-12-11T10-05-00+0530.jpg,MH02BQ9992,119,200,667,688
mglkhopat_65_2022-12-11T10-06-00+0530.jpg,MH04KL4663,2264,2351,908,935
mglkhopat_65_2022-12-11T10-07-00+0530.jpg,MH04LB4622,1461,1594,945,991
mglkhopat_65_2022-12-11T10-08-00+0530.jpg,MH04KL4663,2264,2349,907,933
mglkhopat_65_2022-12-11T10-09-00+0530.jpg,MH04LB4622,1707,1792,851,876
mglkhopat_65_2022-12-11T10-10-00+0530.jpg,MH04KL4663,2266,2349,910,936
mglkhopat_65_2022-12-11T10-11-00+0530.jpg,MH04KL4663,2273,2349,909,936
mglkhopat_65_2022-12-11T10-12-00+0530.jpg,MH04KR0224,1518,1594,805,832
mglkhopat_65_2022-12-11T10-13-00+0530.jpg,MH04KR0224,1515,1593,810,836
mglkhopat_65_2022-12-11T10-14-00+0530.jpg,MH04KR0224,1515,1598,816,841
mglkhopat_65_2022-12-11T10-15-00+0530.jpg,MH04KR0224,1515,1597,814,838
mglkhopat_65_2022-12-11T10-16-00+0530.jpg,MH04KR0224,1516,1597,813,839
mglkhopat_65_2022-12-11T10-17-00+0530.jpg,MH04JB0873,1469,1542,825,854
mglkhopat_65_2022-12-11T10-20-00+0530.jpg,MH46AD4401,2304,2366,867,888
mglkhopat_65_2022-12-11T10-21-00+0530.jpg,MH45AW4301,2305,2364,869,886
mglkhopat_65_2022-12-11T10-22-00+0530.jpg,MH45AD4431,2306,2364,871,890
mglkhopat_65_2022-12-11T10-23-00+0530.jpg,MH46AH4201,2304,2365,866,888
mglkhopat_65_2022-12-11T10-26-00+0530.jpg,MH04KD6356,1028,1151,879,908
mglkhopat_65_2022-12-11T10-27-00+0530.jpg,MH04KD6356,1030,1149,882,910
mglkhopat_65_2022-12-11T10-28-00+0530.jpg,MH01CT6289,2265,2346,951,978
mglkhopat_65_2022-12-11T10-29-00+0530.jpg,MH01CT6289,2268,2350,950,976
mglkhopat_65_2022-12-11T10-30-00+0530.jpg,MH04KL2027,1058,1184,885,910
mglkhopat_65_2022-12-11T10-31-00+0530.jpg,MH04KL2027,1057,1183,884,910
mglkhopat_65_2022-12-11T10-33-00+0530.jpg,MH03AT1187,1108,1223,711,742
mglkhopat_65_2022-12-11T10-34-00+0530.jpg,MH03AT1437,1106,1223,712,741
mglkhopat_65_2022-12-11T10-35-00+0530.jpg,MH03AT1437,1108,1222,710,740
mglkhopat_65_2022-12-11T10-36-00+0530.jpg,MH02EH1770,1151,1234,809,832
mglkhopat_65_2022-12-11T10-37-00+0530.jpg,MH02EH1770,1148,1232,810,832
mglkhopat_65_2022-12-11T10-38-00+0530.jpg,MH02EH1770,1149,1231,810,832
mglkhopat_65_2022-12-11T10-39-00+0530.jpg,MH04KW3112,2163,2269,923,948
mglkhopat_65_2022-12-11T10-40-00+0530.jpg,MH46Z4055,1389,1485,800,824
mglkhopat_65_2022-12-11T10-41-00+0530.jpg,MH01CR1768,689,775,813,838
mglkhopat_65_2022-12-11T10-42-00+0530.jpg,MH01CR1768,699,776,810,835
mglkhopat_65_2022-12-11T10-43-00+0530.jpg,MH01CR1761,690,771,813,838
mglkhopat_65_2022-12-11T10-44-00+0530.jpg,MH04JB5508,2091,2191,893,928
mglkhopat_65_2022-12-11T10-45-00+0530.jpg,MH04LH0738,1282,1394,717,747
mglkhopat_65_2022-12-11T10-46-00+0530.jpg,MH04VU6568,11,91,752,779
mglkhopat_65_2022-12-11T10-47-00+0530.jpg,MH46BM1552,709,816,831,858
mglkhopat_65_2022-12-11T10-48-00+0530.jpg,MH46BM1552,707,819,830,857
mglkhopat_65_2022-12-11T10-49-00+0530.jpg,MH46BM1552,707,817,830,856
mglkhopat_65_2022-12-11T10-50-00+0530.jpg,MH48BM9412,2323,2402,895,924
mglkhopat_65_2022-12-11T10-51-00+0530.jpg,MH48BM9412,2323,2401,897,923
mglkhopat_65_2022-12-11T10-52-00+0530.jpg,MH48BM9412,2324,2400,897,922
mglkhopat_65_2022-12-11T10-53-00+0530.jpg,MH48BM9412,2321,2403,896,924
mglkhopat_65_2022-12-11T10-54-00+0530.jpg,MH04GE9687,109,172,749,769
mglkhopat_65_2022-12-11T10-55-00+0530.jpg,MH03BC8012,1304,1433,768,812
mglkhopat_65_2022-12-11T10-56-00+0530.jpg,MH03BC8029,1304,1424,770,805
mglkhopat_65_2022-12-11T10-57-00+0530.jpg,MH03BC8012,1304,1425,771,806
mglkhopat_65_2022-12-11T10-58-00+0530.jpg,MH04KR7337,1522,1630,897,930
mglkhopat_65_2022-12-11T10-59-00+0530.jpg,MH04OR8732,2424,2476,910,938
mglkhopat_65_2022-12-11T11-00-00+0530.jpg,MH43AR1851,503,588,940,1001
mglkhopat_65_2022-12-11T11-01-00+0530.jpg,MH15EX1189,2303,2390,850,873
mglkhopat_65_2022-12-11T11-02-00+0530.jpg,MH15EX1189,2302,2388,851,875
mglkhopat_65_2022-12-11T11-03-00+0530.jpg,MH04LB0707,1295,1398,807,831
mglkhopat_65_2022-12-11T11-04-00+0530.jpg,MH04LB0707,1295,1398,807,831
mglkhopat_65_2022-12-11T11-05-00+0530.jpg,MH04LB0707,1292,1396,805,829
mglkhopat_65_2022-12-11T11-06-00+0530.jpg,MH04LB0707,1290,1392,811,835
mglkhopat_65_2022-12-11T11-07-00+0530.jpg,MH46X2195,1051,1144,829,852
mglkhopat_65_2022-12-11T11-08-00+0530.jpg,MH46X2195,1050,1144,830,854
mglkhopat_65_2022-12-11T11-09-00+0530.jpg,MH46X2195,1059,1157,829,854
mglkhopat_65_2022-12-11T11-10-00+0530.jpg,MH46X2195,1051,1146,830,853
mglkhopat_65_2022-12-11T11-11-00+0530.jpg,MH48CC2702,2003,2115,903,930
mglkhopat_65_2022-12-11T11-12-00+0530.jpg,MH04HS7523,570,639,685,704
mglkhopat_65_2022-12-11T11-13-00+0530.jpg,MH04HK7422,560,635,683,705
mglkhopat_65_2022-12-11T11-14-00+0530.jpg,MH04HY4850,2353,2428,920,951
mglkhopat_65_2022-12-11T11-15-00+0530.jpg,MH04EF6660,2,74,687,709
mglkhopat_65_2022-12-11T11-17-00+0530.jpg,MH04HX7423,317,505,1173,1227
mglkhopat_65_2022-12-11T11-18-00+0530.jpg,MH04HD4824,924,1040,712,744
mglkhopat_65_2022-12-11T11-19-00+0530.jpg,MH04HD4824,924,1041,708,743
mglkhopat_65_2022-12-11T11-22-00+0530.jpg,MH04GZ7448,1467,1601,919,945
mglkhopat_65_2022-12-11T11-23-00+0530.jpg,MH04JM7286,549,646,706,738
mglkhopat_65_2022-12-11T11-24-00+0530.jpg,MH04JM7286,549,647,705,737
mglkhopat_65_2022-12-11T11-25-00+0530.jpg,MH04JM7286,546,643,704,735
mglkhopat_65_2022-12-11T11-26-00+0530.jpg,MH04JM7286,549,645,703,737
mglkhopat_65_2022-12-11T11-28-00+0530.jpg,MH04KW2871,2313,2389,883,909
mglkhopat_65_2022-12-11T11-29-00+0530.jpg,MH04KW2871,2312,2390,885,908
mglkhopat_65_2022-12-11T11-30-00+0530.jpg,MH04KW2871,2316,2388,887,909
mglkhopat_65_2022-12-11T11-31-00+0530.jpg,MH04GE6712,1368,1453,762,789
mglkhopat_65_2022-12-11T11-32-00+0530.jpg,MH01PA5928,707,831,745,781
mglkhopat_65_2022-12-11T11-34-00+0530.jpg,MH04HN1951,1373,1484,742,771
mglkhopat_65_2022-12-11T11-35-00+0530.jpg,MH01PA5928,715,838,748,784
mglkhopat_65_2022-12-11T11-36-00+0530.jpg,MH01PA5928,715,840,753,793
mglkhopat_65_2022-12-11T11-37-00+0530.jpg,MH47AS7281,2238,2323,894,918
mglkhopat_65_2022-12-11T11-38-00+0530.jpg,MH47AS7281,2237,2322,892,917
mglkhopat_65_2022-12-11T11-39-00+0530.jpg,MH04GM6016,380,573,1135,1230
mglkhopat_65_2022-12-11T11-40-00+0530.jpg,MH05DK6628,1141,1241,825,848
mglkhopat_65_2022-12-11T11-41-00+0530.jpg,MH04GU4424,2232,2333,858,888
mglkhopat_65_2022-12-11T11-42-00+0530.jpg,MH04GU4424,2231,2333,859,889
mglkhopat_65_2022-12-11T11-43-00+0530.jpg,MH48F2279,592,672,787,807
mglkhopat_65_2022-12-11T11-44-00+0530.jpg,MH04GU4424,2231,2331,859,890
mglkhopat_65_2022-12-11T11-45-00+0530.jpg,MH04GU4424,2243,2366,923,966
mglkhopat_65_2022-12-11T11-46-00+0530.jpg,MH14BK2173,715,822,767,797
mglkhopat_65_2022-12-11T11-47-00+0530.jpg,MH04JB3890,1318,1413,806,829
mglkhopat_65_2022-12-11T11-48-00+0530.jpg,MH04JB3899,1319,1414,807,832
mglkhopat_65_2022-12-11T11-49-00+0530.jpg,MH04JB3890,1317,1416,806,830
mglkhopat_65_2022-12-11T11-50-00+0530.jpg,MH14BK2173,712,822,777,805
mglkhopat_65_2022-12-11T11-52-00+0530.jpg,MH04LE221,830,913,820,849
mglkhopat_65_2022-12-11T11-53-00+0530.jpg,MH04LE2458,838,944,827,855
mglkhopat_65_2022-12-11T11-54-00+0530.jpg,MH04UE2458,840,944,826,854
mglkhopat_65_2022-12-11T11-55-00+0530.jpg,MH04LE2458,909,1084,1178,1215
mglkhopat_65_2022-12-11T11-56-00+0530.jpg,MH04DB1880,659,759,798,831
mglkhopat_65_2022-12-11T11-57-00+0530.jpg,MH02ER8940,1939,2055,834,872
mglkhopat_65_2022-12-11T11-58-00+0530.jpg,MH04DB1880,658,757,800,832
mglkhopat_65_2022-12-11T11-59-00+0530.jpg,MH02ER8940,1738,1952,1084,1188
mglkhopat_65_2022-12-11T12-00-00+0530.jpg,KO4UF6813,2481,2529,862,890
mglkhopat_65_2022-12-11T12-01-00+0530.jpg,MH03DV3944,1201,1304,692,727
mglkhopat_65_2022-12-11T12-02-00+0530.jpg,MH03DV3944,1201,1299,690,723
mglkhopat_65_2022-12-11T12-03-00+0530.jpg,MH03DY3947,449,569,1015,1128
mglkhopat_65_2022-12-11T12-04-00+0530.jpg,MH03DK3010,551,660,858,892
mglkhopat_65_2022-12-11T12-05-00+0530.jpg,MH03DK3010,546,661,857,892
mglkhopat_65_2022-12-11T12-06-00+0530.jpg,MH03DK3010,546,662,857,892
mglkhopat_65_2022-12-11T12-07-00+0530.jpg,MH04GN0516,582,668,586,608
mglkhopat_65_2022-12-11T12-08-00+0530.jpg,MH04GN0516,590,661,590,613
mglkhopat_65_2022-12-11T12-09-00+0530.jpg,MH46P6759,1333,1452,759,787
mglkhopat_65_2022-12-11T12-10-00+0530.jpg,MH04GE5662,752,865,865,890
mglkhopat_65_2022-12-11T12-11-00+0530.jpg,MH04GE5662,753,866,866,890
mglkhopat_65_2022-12-11T12-12-00+0530.jpg,MH04GE5662,752,867,866,890
mglkhopat_65_2022-12-11T12-13-00+0530.jpg,MH12RK9502,1739,1868,992,1021
mglkhopat_65_2022-12-11T12-14-00+0530.jpg,MH12RK9502,1277,1396,848,878
mglkhopat_65_2022-12-11T12-15-00+0530.jpg,MH12RK9502,1278,1395,848,877
mglkhopat_65_2022-12-11T12-16-00+0530.jpg,MH12RK9502,1277,1395,850,880
mglkhopat_65_2022-12-11T12-17-00+0530.jpg,MH04JB1531,68,143,729,749
mglkhopat_65_2022-12-11T12-18-00+0530.jpg,MH12RK9502,1279,1395,847,876
mglkhopat_65_2022-12-11T12-19-00+0530.jpg,MH04KD9550,1606,1710,851,879
mglkhopat_65_2022-12-11T12-20-00+0530.jpg,MH04KD9550,1606,1709,850,878
mglkhopat_65_2022-12-11T12-21-00+0530.jpg,MH04KD9550,1610,1698,858,884
mglkhopat_65_2022-12-11T12-23-00+0530.jpg,MH04HX5656,1435,1531,805,828
mglkhopat_65_2022-12-11T12-24-00+0530.jpg,MH04HX5656,1438,1532,804,827
mglkhopat_65_2022-12-11T12-25-00+0530.jpg,MH43CC1125,809,909,806,834
mglkhopat_65_2022-12-11T12-26-00+0530.jpg,MH04HX5656,1439,1529,804,826
mglkhopat_65_2022-12-11T12-27-00+0530.jpg,MH43CC1125,807,908,805,834
mglkhopat_65_2022-12-11T12-28-00+0530.jpg,MH43CC1125,801,905,801,833
mglkhopat_65_2022-12-11T12-29-00+0530.jpg,MH02EH1978,2440,2495,881,902
mglkhopat_65_2022-12-11T12-30-00+0530.jpg,MH04HX6579,1368,1449,773,801
mglkhopat_65_2022-12-11T12-31-00+0530.jpg,MH04KY7002,885,1013,882,909
mglkhopat_65_2022-12-11T12-32-00+0530.jpg,MH04KY7002,890,1015,886,913
mglkhopat_65_2022-12-11T12-33-00+0530.jpg,MH04KY7002,890,1013,882,909
mglkhopat_65_2022-12-11T12-34-00+0530.jpg,MH04KY7002,889,1014,882,909
mglkhopat_65_2022-12-11T12-35-00+0530.jpg,MH04KY7002,887,1012,880,908
mglkhopat_65_2022-12-11T12-36-00+0530.jpg,MH04GE1676,2367,2436,919,944
mglkhopat_65_2022-12-11T12-37-00+0530.jpg,MH04GE1676,2365,2437,922,948
mglkhopat_65_2022-12-11T12-38-00+0530.jpg,MH01CJ3824,830,917,820,844
mglkhopat_65_2022-12-11T12-39-00+0530.jpg,MH01CJ3824,831,918,817,841
mglkhopat_65_2022-12-11T12-40-00+0530.jpg,MH04KF9596,1381,1498,865,891
mglkhopat_65_2022-12-11T12-41-00+0530.jpg,MH04KF9596,1382,1497,864,890
mglkhopat_65_2022-12-11T12-42-00+0530.jpg,MH43BA2714,1376,1464,801,827
mglkhopat_65_2022-12-11T12-43-00+0530.jpg,MH43BA2714,1377,1463,808,834
mglkhopat_65_2022-12-11T12-44-00+0530.jpg,MH43BA2714,1380,1463,809,835
mglkhopat_65_2022-12-11T12-45-00+0530.jpg,MH43BA2714,1380,1462,807,833
mglkhopat_65_2022-12-11T12-46-00+0530.jpg,MH43BA2714,1383,1464,808,833
mglkhopat_65_2022-12-11T12-47-00+0530.jpg,MH43BA2714,1386,1464,808,833
mglkhopat_65_2022-12-11T12-48-00+0530.jpg,MH43BA2714,1615,1715,979,1007
mglkhopat_65_2022-12-11T12-49-00+0530.jpg,MH04KD6098,739,863,824,856
mglkhopat_65_2022-12-11T12-50-00+0530.jpg,MH01BU4009,478,646,1113,1183
mglkhopat_65_2022-12-11T12-52-00+0530.jpg,MH01DR7412,132,207,740,761
mglkhopat_65_2022-12-11T12-53-00+0530.jpg,MH04GJ9646,2272,2393,1164,1216
mglkhopat_65_2022-12-11T12-54-00+0530.jpg,MH01DR7412,126,211,739,761
mglkhopat_65_2022-12-11T12-55-00+0530.jpg,MH01DR7412,109,225,853,882
mglkhopat_65_2022-12-11T12-56-00+0530.jpg,MH03BS3118,1420,1507,804,831
mglkhopat_65_2022-12-11T12-57-00+0530.jpg,MH03BS3118,1418,1501,804,830
mglkhopat_65_2022-12-11T12-58-00+0530.jpg,MH03BS3118,1417,1502,803,831
mglkhopat_65_2022-12-11T12-59-00+0530.jpg,MH04JQ1487,133,284,1217,1308
mglkhopat_65_2022-12-11T13-00-00+0530.jpg,MH47CT427,1777,1858,972,1011
mglkhopat_65_2022-12-11T13-01-00+0530.jpg,MH47C7427,1321,1420,819,845
mglkhopat_65_2022-12-11T13-02-00+0530.jpg,MH47C7427,1318,1419,821,847
mglkhopat_65_2022-12-11T13-03-00+0530.jpg,MH47C7427,1322,1420,822,847
mglkhopat_65_2022-12-11T13-04-00+0530.jpg,MH04KA4568,1221,1373,1107,1161
mglkhopat_65_2022-12-11T13-05-00+0530.jpg,MH02JP3733,517,667,811,852
mglkhopat_65_2022-12-11T13-06-00+0530.jpg,MH47C7427,1324,1420,820,846
mglkhopat_65_2022-12-11T13-07-00+0530.jpg,MH04GU9859,1336,1438,843,871
mglkhopat_65_2022-12-11T13-08-00+0530.jpg,MH02JP3733,521,670,814,853
mglkhopat_65_2022-12-11T13-09-00+0530.jpg,MH04GU9859,1325,1445,844,871
mglkhopat_65_2022-12-11T13-10-00+0530.jpg,MH04LH0138,2049,2166,943,970
mglkhopat_65_2022-12-11T13-11-00+0530.jpg,MH04LH0138,2051,2164,944,976
mglkhopat_65_2022-12-11T13-12-00+0530.jpg,MH04LH0138,2058,2169,948,976
mglkhopat_65_2022-12-11T13-13-00+0530.jpg,MH04KL0591,1009,1111,827,850
mglkhopat_65_2022-12-11T13-14-00+0530.jpg,MH04KW7597,2121,2218,948,978
mglkhopat_65_2022-12-11T13-15-00+0530.jpg,MH04KW7597,2119,2218,950,980
mglkhopat_65_2022-12-11T13-16-00+0530.jpg,MH04GM6838,904,1008,855,888
mglkhopat_65_2022-12-11T13-17-00+0530.jpg,MH04GM6838,1153,1238,794,821
mglkhopat_65_2022-12-11T13-18-00+0530.jpg,MH04GM6838,1155,1238,794,821
mglkhopat_65_2022-12-11T13-19-00+0530.jpg,MH04GM6833,1156,1233,794,818
mglkhopat_65_2022-12-11T13-20-00+0530.jpg,MH04GM6839,1154,1235,797,822
mglkhopat_65_2022-12-11T13-21-00+0530.jpg,MH04KD0679,1418,1567,1121,1160
mglkhopat_65_2022-12-11T13-22-00+0530.jpg,MH04KD0679,1158,1239,822,847
mglkhopat_65_2022-12-11T13-23-00+0530.jpg,MH04HN2450,665,836,1084,1118
mglkhopat_65_2022-12-11T13-24-00+0530.jpg,MH02DS9980,956,1075,848,880
mglkhopat_65_2022-12-11T13-25-00+0530.jpg,MH02DS9980,956,1077,847,878
mglkhopat_65_2022-12-11T13-26-00+0530.jpg,MH01MA1937,1735,1886,1157,1291
mglkhopat_65_2022-12-11T13-27-00+0530.jpg,MH02DS9980,959,1075,848,879
mglkhopat_65_2022-12-11T13-28-00+0530.jpg,MH02DS9980,952,1077,845,884
mglkhopat_65_2022-12-11T13-29-00+0530.jpg,MH04JV7440,2016,2124,857,888
mglkhopat_65_2022-12-11T13-30-00+0530.jpg,MH04KL8731,1110,1217,816,845
mglkhopat_65_2022-12-11T13-31-00+0530.jpg,MH04KL8731,1115,1215,819,845
mglkhopat_65_2022-12-11T13-33-00+0530.jpg,MH01CV9236,672,784,855,882
mglkhopat_65_2022-12-11T13-34-00+0530.jpg,MH01CV9236,676,781,854,880
mglkhopat_65_2022-12-11T13-35-00+0530.jpg,KA44J7852,2471,2526,930,962
mglkhopat_65_2022-12-11T13-36-00+0530.jpg,MH04EX3634,1309,1379,803,824
mglkhopat_65_2022-12-11T13-37-00+0530.jpg,MH01CV9236,675,781,856,883
mglkhopat_65_2022-12-11T13-38-00+0530.jpg,WB04AZ7862,2355,2410,890,913
mglkhopat_65_2022-12-11T13-39-00+0530.jpg,MH03CH0525,849,925,822,847
mglkhopat_65_2022-12-11T13-40-00+0530.jpg,MH04HN7868,1661,1716,635,654
mglkhopat_65_2022-12-11T13-41-00+0530.jpg,MH03CH0525,846,930,829,852
mglkhopat_65_2022-12-11T13-42-00+0530.jpg,MH04LH0329,1311,1428,724,752
mglkhopat_65_2022-12-11T13-43-00+0530.jpg,MH04LH0329,1313,1423,727,753
mglkhopat_65_2022-12-11T13-44-00+0530.jpg,MH04LH0329,1316,1423,728,752
mglkhopat_65_2022-12-11T13-45-00+0530.jpg,MH03AT1061,712,812,704,728
mglkhopat_65_2022-12-11T13-46-00+0530.jpg,MH04LH0329,1316,1420,743,767
mglkhopat_65_2022-12-11T13-47-00+0530.jpg,MH04LH4570,1483,1613,1005,1066
mglkhopat_65_2022-12-11T13-48-00+0530.jpg,MH04LH4570,894,1034,898,927
mglkhopat_65_2022-12-11T13-49-00+0530.jpg,MH04LH4570,892,1035,898,927
mglkhopat_65_2022-12-11T13-50-00+0530.jpg,MH04LH4570,892,1035,898,926
mglkhopat_65_2022-12-11T13-51-00+0530.jpg,MH04LH4570,888,1038,900,930
mglkhopat_65_2022-12-11T13-53-00+0530.jpg,MH03BC5060,1364,1424,810,833
mglkhopat_65_2022-12-11T13-54-00+0530.jpg,MH03BC5060,1361,1424,811,834
mglkhopat_65_2022-12-11T13-55-00+0530.jpg,MH01DR4117,601,708,858,884
mglkhopat_65_2022-12-11T13-56-00+0530.jpg,MH01DR4117,600,711,856,884
mglkhopat_65_2022-12-11T13-57-00+0530.jpg,MH02BJ7973,1337,1437,831,856
mglkhopat_65_2022-12-11T13-58-00+0530.jpg,MH02DJ4970,2444,2514,841,866
mglkhopat_65_2022-12-11T13-59-00+0530.jpg,MH02DJ4970,2446,2516,841,868
mglkhopat_66_2022-12-11T10-00-00+0530.jpg,MH04HM9703,1076,1196,820,865
mglkhopat_66_2022-12-11T10-01-00+0530.jpg,MH03EB8383,1977,2046,823,877
mglkhopat_66_2022-12-11T10-02-00+0530.jpg,MH03EB8383,1596,1686,765,807
mglkhopat_66_2022-12-11T10-03-00+0530.jpg,MH03EB8383,1599,1687,764,807
mglkhopat_66_2022-12-11T10-04-00+0530.jpg,MH03EB8383,1598,1685,767,806
mglkhopat_66_2022-12-11T10-05-00+0530.jpg,MH03CH1789,1669,1753,810,849
mglkhopat_66_2022-12-11T10-06-00+0530.jpg,MH03CH1789,1502,1585,748,780
mglkhopat_66_2022-12-11T10-07-00+0530.jpg,MH03CH1789,1500,1586,745,781
mglkhopat_66_2022-12-11T10-08-00+0530.jpg,MH01DR9358,942,1041,795,834
mglkhopat_66_2022-12-11T10-09-00+0530.jpg,MH01DR9358,945,1038,798,833
mglkhopat_66_2022-12-11T10-10-00+0530.jpg,MH01DR9358,945,1038,797,835
mglkhopat_66_2022-12-11T10-11-00+0530.jpg,MH05DK0281,1599,1674,761,804
mglkhopat_66_2022-12-11T10-12-00+0530.jpg,MH05DK0281,1602,1679,756,794
mglkhopat_66_2022-12-11T10-13-00+0530.jpg,MH05OK0281,1603,1678,757,796
mglkhopat_66_2022-12-11T10-14-00+0530.jpg,MH12OR439,1902,1951,625,660
mglkhopat_66_2022-12-11T10-15-00+0530.jpg,MH04HY8864,1422,1516,702,743
mglkhopat_66_2022-12-11T10-16-00+0530.jpg,MH04HY8864,1422,1516,703,743
mglkhopat_66_2022-12-11T10-20-00+0530.jpg,MH01BF6779,1643,1708,745,771
mglkhopat_66_2022-12-11T10-21-00+0530.jpg,MH01BF6779,1646,1706,747,772
mglkhopat_66_2022-12-11T10-22-00+0530.jpg,MH04BY1990,1262,1405,747,787
mglkhopat_66_2022-12-11T10-23-00+0530.jpg,MH04BY1990,1263,1405,746,786
mglkhopat_66_2022-12-11T10-24-00+0530.jpg,MH04BY1990,1263,1404,745,786
mglkhopat_66_2022-12-11T10-25-00+0530.jpg,MH04BY1990,1274,1397,740,781
mglkhopat_66_2022-12-11T10-26-00+0530.jpg,MH04BY1990,1303,1450,780,822
mglkhopat_66_2022-12-11T10-27-00+0530.jpg,MH04CT4577,1526,1608,652,681
mglkhopat_66_2022-12-11T10-28-00+0530.jpg,MH04CT4577,1514,1613,651,681
mglkhopat_66_2022-12-11T10-29-00+0530.jpg,MH01DR2416,1103,1229,848,886
mglkhopat_66_2022-12-11T10-30-00+0530.jpg,MH01DR2416,1105,1227,848,885
mglkhopat_66_2022-12-11T10-31-00+0530.jpg,MH01DR2416,1103,1224,847,886
mglkhopat_66_2022-12-11T10-33-00+0530.jpg,MH01CV8639,1796,1848,721,752
mglkhopat_66_2022-12-11T10-34-00+0530.jpg,MH04HN0725,1572,1760,850,904
mglkhopat_66_2022-12-11T10-35-00+0530.jpg,MH04HN0725,1012,1108,809,835
mglkhopat_66_2022-12-11T10-36-00+0530.jpg,MH04HN0725,1013,1108,812,834
mglkhopat_66_2022-12-11T10-37-00+0530.jpg,MH04HN0725,1011,1108,812,835
mglkhopat_66_2022-12-11T10-38-00+0530.jpg,HO4GU824,1769,1820,713,738
mglkhopat_66_2022-12-11T10-39-00+0530.jpg,HO4GU8248,1773,1828,707,734
mglkhopat_66_2022-12-11T10-40-00+0530.jpg,MH04JV9747,1141,1236,820,844
mglkhopat_66_2022-12-11T10-41-00+0530.jpg,MH04GU824,1768,1818,714,738
mglkhopat_66_2022-12-11T10-42-00+0530.jpg,MH01CR1768,2414,2470,671,688
mglkhopat_66_2022-12-11T10-43-00+0530.jpg,MH01AN3195,1692,1790,632,663
mglkhopat_66_2022-12-11T10-44-00+0530.jpg,MH01AM3195,1694,1780,635,666
mglkhopat_66_2022-12-11T10-45-00+0530.jpg,MH04HN1381,1321,1422,823,856
mglkhopat_66_2022-12-11T10-46-00+0530.jpg,MH04HN1381,1320,1422,823,856
mglkhopat_66_2022-12-11T10-47-00+0530.jpg,MH04HN1381,1320,1423,822,856
mglkhopat_66_2022-12-11T10-48-00+0530.jpg,MH04HN1381,1323,1422,823,855
mglkhopat_66_2022-12-11T10-49-00+0530.jpg,MH04FC9961,475,534,659,682
mglkhopat_66_2022-12-11T10-50-00+0530.jpg,MH04KD9945,1461,1581,856,900
mglkhopat_66_2022-12-11T10-51-00+0530.jpg,MH04KD9945,1458,1579,856,899
mglkhopat_66_2022-12-11T10-52-00+0530.jpg,MH04KD9945,1459,1581,856,899
mglkhopat_66_2022-12-11T10-53-00+0530.jpg,MH04KD9945,1962,2112,1117,1196
mglkhopat_66_2022-12-11T10-55-00+0530.jpg,MH05EL5114,1508,1579,773,810
mglkhopat_66_2022-12-11T10-56-00+0530.jpg,MH05EL5114,1488,1581,773,816
mglkhopat_66_2022-12-11T10-57-00+0530.jpg,MH05EL5114,1487,1582,774,817
mglkhopat_66_2022-12-11T10-58-00+0530.jpg,MH04LB2890,1866,1926,685,718
mglkhopat_66_2022-12-11T10-59-00+0530.jpg,WB20AF0461,1884,1934,673,711
mglkhopat_66_2022-12-11T11-00-00+0530.jpg,MH43AR1831,2064,2129,682,733
mglkhopat_66_2022-12-11T11-01-00+0530.jpg,MH04AT8451,1884,1934,674,707
mglkhopat_66_2022-12-11T11-02-00+0530.jpg,MH43AR1855,1538,1606,773,810
mglkhopat_66_2022-12-11T11-03-00+0530.jpg,MH04AE0451,1883,1930,673,706
mglkhopat_66_2022-12-11T11-04-00+0530.jpg,MH03DK9485,1619,1682,790,831
mglkhopat_66_2022-12-11T11-05-00+0530.jpg,MH03DK9489,1517,1589,775,821
mglkhopat_66_2022-12-11T11-06-00+0530.jpg,MH03DK9485,1518,1589,774,820
mglkhopat_66_2022-12-11T11-07-00+0530.jpg,MH03DK9483,1521,1586,775,819
mglkhopat_66_2022-12-11T11-08-00+0530.jpg,MH03DK9485,1642,1742,811,864
mglkhopat_66_2022-12-11T11-09-00+0530.jpg,MH23AD2971,1284,1393,712,761
mglkhopat_66_2022-12-11T11-10-00+0530.jpg,MH23AD2971,1283,1394,712,759
mglkhopat_66_2022-12-11T11-11-00+0530.jpg,MH23AD2971,1284,1390,712,758
mglkhopat_66_2022-12-11T11-12-00+0530.jpg,MH23AD2971,1282,1391,711,758
mglkhopat_66_2022-12-11T11-13-00+0530.jpg,MH04JH5647,808,916,1006,1054
mglkhopat_66_2022-12-11T11-14-00+0530.jpg,MH23AD2971,1283,1411,717,761
mglkhopat_66_2022-12-11T11-15-00+0530.jpg,MH04KD3067,1245,1354,822,859
mglkhopat_66_2022-12-11T11-16-00+0530.jpg,MH04KD3067,1243,1357,821,860
mglkhopat_66_2022-12-11T11-17-00+0530.jpg,MH04KD3067,1244,1360,822,860
mglkhopat_66_2022-12-11T11-18-00+0530.jpg,MH04KD3067,1244,1361,822,861
mglkhopat_66_2022-12-11T11-19-00+0530.jpg,MH04EF6660,1811,1890,646,684
mglkhopat_66_2022-12-11T11-20-00+0530.jpg,MH04HM8955,1302,1390,791,831
mglkhopat_66_2022-12-11T11-21-00+0530.jpg,MH04JH5726,1854,1987,951,980
mglkhopat_66_2022-12-11T11-22-00+0530.jpg,MH04HM8955,1302,1386,792,830
mglkhopat_66_2022-12-11T11-23-00+0530.jpg,MH04HM895,1301,1385,791,834
mglkhopat_66_2022-12-11T11-24-00+0530.jpg,MH04JM7286,2302,2375,605,630
mglkhopat_66_2022-12-11T11-25-00+0530.jpg,MH04JK7286,2313,2371,616,633
mglkhopat_66_2022-12-11T11-26-00+0530.jpg,MH02EH2251,1398,1494,801,844
mglkhopat_66_2022-12-11T11-27-00+0530.jpg,MH04LB6584,1814,1889,744,781
mglkhopat_66_2022-12-11T11-28-00+0530.jpg,MH04LB6584,1815,1887,747,782
mglkhopat_66_2022-12-11T11-29-00+0530.jpg,MH04LB6584,1815,1887,746,781
mglkhopat_66_2022-12-11T11-30-00+0530.jpg,MH04LB5584,1808,1897,742,781
mglkhopat_66_2022-12-11T11-31-00+0530.jpg,MH04LH1781,1139,1274,836,878
mglkhopat_66_2022-12-11T11-32-00+0530.jpg,MH01CA5925,2478,2530,624,644
mglkhopat_66_2022-12-11T11-33-00+0530.jpg,KA01ME5513,2483,2529,625,645
mglkhopat_66_2022-12-11T11-34-00+0530.jpg,KH01PA5923,2478,2532,623,647
mglkhopat_66_2022-12-11T11-35-00+0530.jpg,MH43AJ7913,1786,1887,690,730
mglkhopat_66_2022-12-11T11-36-00+0530.jpg,MH43AJ7913,1783,1890,690,731
mglkhopat_66_2022-12-11T11-37-00+0530.jpg,MH04CH7308,427,505,639,659
mglkhopat_66_2022-12-11T11-38-00+0530.jpg,MH43AJ7913,1785,1889,692,731
mglkhopat_66_2022-12-11T11-39-00+0530.jpg,MH04KU2996,1228,1376,894,947
mglkhopat_66_2022-12-11T11-40-00+0530.jpg,MH04GN7163,639,741,1007,1070
mglkhopat_66_2022-12-11T11-41-00+0530.jpg,MH04KU2996,1225,1363,903,949
mglkhopat_66_2022-12-11T11-42-00+0530.jpg,MH04GM6011,1780,1848,733,764
mglkhopat_66_2022-12-11T11-43-00+0530.jpg,MH46N1629,1229,1347,804,842
mglkhopat_66_2022-12-11T11-44-00+0530.jpg,MH46N1629,1227,1346,804,841
mglkhopat_66_2022-12-11T11-45-00+0530.jpg,MH46N1629,1229,1348,803,840
mglkhopat_66_2022-12-11T11-46-00+0530.jpg,MH46N1629,1229,1349,803,839
mglkhopat_66_2022-12-11T11-47-00+0530.jpg,MH46N1629,1234,1348,807,842
mglkhopat_66_2022-12-11T11-48-00+0530.jpg,MH01EE0079,1376,1462,807,847
mglkhopat_66_2022-12-11T11-49-00+0530.jpg,MH01EE0079,1378,1467,805,844
mglkhopat_66_2022-12-11T11-50-00+0530.jpg,MH01EE0079,1380,1469,806,844
mglkhopat_66_2022-12-11T11-51-00+0530.jpg,MH01EE0079,1375,1467,805,845
mglkhopat_66_2022-12-11T11-52-00+0530.jpg,MH01EE0079,1378,1467,806,844
mglkhopat_66_2022-12-11T11-53-00+0530.jpg,MH04LB9552,1917,2026,902,964
mglkhopat_66_2022-12-11T11-54-00+0530.jpg,MH04LB9552,1385,1500,837,880
mglkhopat_66_2022-12-11T11-55-00+0530.jpg,MH04LB9552,1382,1503,834,879
mglkhopat_66_2022-12-11T11-56-00+0530.jpg,MH04LB9552,1386,1499,835,877
mglkhopat_66_2022-12-11T11-57-00+0530.jpg,MH04LB9552,1384,1501,835,877
mglkhopat_66_2022-12-11T11-58-00+0530.jpg,MH04LB9552,1385,1498,836,878
mglkhopat_66_2022-12-11T11-59-00+0530.jpg,MH47N4715,1771,1832,692,720
mglkhopat_66_2022-12-11T12-00-00+0530.jpg,MH04HA2054,476,530,627,650
mglkhopat_66_2022-12-11T12-02-00+0530.jpg,HH81VA4250,1778,1871,668,710
mglkhopat_66_2022-12-11T12-03-00+0530.jpg,MH03DK0010,2485,2540,708,729
mglkhopat_66_2022-12-11T12-04-00+0530.jpg,MH03DK3010,2481,2535,705,726
mglkhopat_66_2022-12-11T12-05-00+0530.jpg,MH03DK3010,2482,2537,705,725
mglkhopat_66_2022-12-11T12-06-00+0530.jpg,MH03DE3000,2482,2535,705,726
mglkhopat_66_2022-12-11T12-07-00+0530.jpg,MH02CH3936,1589,1669,789,818
mglkhopat_66_2022-12-11T12-08-00+0530.jpg,MH02CH3936,1585,1671,786,817
mglkhopat_66_2022-12-11T12-09-00+0530.jpg,MH02CH3936,1586,1674,786,818
mglkhopat_66_2022-12-11T12-10-00+0530.jpg,MH01DR6098,1156,1330,1038,1111
mglkhopat_66_2022-12-11T12-11-00+0530.jpg,MH01DR6098,1449,1543,786,826
mglkhopat_66_2022-12-11T12-12-00+0530.jpg,MH01DR6098,1448,1544,788,827
mglkhopat_66_2022-12-11T12-13-00+0530.jpg,MH01DR6098,1450,1542,788,827
mglkhopat_66_2022-12-11T12-14-00+0530.jpg,MH01DR6098,1447,1544,787,827
mglkhopat_66_2022-12-11T12-15-00+0530.jpg,MH01DR6098,1449,1546,786,827
mglkhopat_66_2022-12-11T12-16-00+0530.jpg,MH01DR6098,1451,1545,790,829
mglkhopat_66_2022-12-11T12-17-00+0530.jpg,MH01DR6098,1444,1552,788,828
mglkhopat_66_2022-12-11T12-18-00+0530.jpg,MH01DR6098,1449,1542,791,827
mglkhopat_66_2022-12-11T12-21-00+0530.jpg,KH04O2536,1948,2006,752,794
mglkhopat_66_2022-12-11T12-22-00+0530.jpg,MH04DD2338,1949,2005,753,796
mglkhopat_66_2022-12-11T12-24-00+0530.jpg,HH04JU1884,1629,1685,639,664
mglkhopat_66_2022-12-11T12-25-00+0530.jpg,MH43CC1125,2421,2472,663,683
mglkhopat_66_2022-12-11T12-26-00+0530.jpg,MH04HF4345,1219,1338,855,894
mglkhopat_66_2022-12-11T12-27-00+0530.jpg,MH43CC1125,2428,2474,660,684
mglkhopat_66_2022-12-11T12-28-00+0530.jpg,MH43CE1125,2422,2470,658,678
mglkhopat_66_2022-12-11T12-31-00+0530.jpg,MH14CK1929,1327,1431,689,734
mglkhopat_66_2022-12-11T12-32-00+0530.jpg,MH04KR2420,1870,1929,665,695
mglkhopat_66_2022-12-11T12-33-00+0530.jpg,MH14CK1929,1346,1428,692,732
mglkhopat_66_2022-12-11T12-34-00+0530.jpg,MH14CK1929,1329,1432,689,732
mglkhopat_66_2022-12-11T12-35-00+0530.jpg,MH03AT5905,1675,1764,611,638
mglkhopat_66_2022-12-11T12-36-00+0530.jpg,MH46AD4724,1338,1452,676,714
mglkhopat_66_2022-12-11T12-37-00+0530.jpg,MH46AD4724,1339,1453,676,715
mglkhopat_66_2022-12-11T12-38-00+0530.jpg,MH46AD4724,1342,1455,677,714
mglkhopat_66_2022-12-11T12-39-00+0530.jpg,MH46AD4724,1338,1452,676,714
mglkhopat_66_2022-12-11T12-40-00+0530.jpg,MH02FB3501,729,808,554,580
mglkhopat_66_2022-12-11T12-41-00+0530.jpg,MH46AD4724,1338,1452,678,716
mglkhopat_66_2022-12-11T12-42-00+0530.jpg,FZ7661,1795,1839,697,724
mglkhopat_66_2022-12-11T12-43-00+0530.jpg,AB4041,94,132,754,781
mglkhopat_66_2022-12-11T12-44-00+0530.jpg,MH04KW4453,1582,1684,816,858
mglkhopat_66_2022-12-11T12-45-00+0530.jpg,MH04KW4453,1582,1689,815,860
mglkhopat_66_2022-12-11T12-46-00+0530.jpg,MH04KW4453,1582,1689,815,859
mglkhopat_66_2022-12-11T12-47-00+0530.jpg,MH04UK9409,1661,1759,807,848
mglkhopat_66_2022-12-11T12-48-00+0530.jpg,BR06AQ3192,122,170,721,758
mglkhopat_66_2022-12-11T12-49-00+0530.jpg,MH01BU4009,1773,1836,675,700
mglkhopat_66_2022-12-11T12-50-00+0530.jpg,MH04VK9409,1568,1649,788,827
mglkhopat_66_2022-12-11T12-51-00+0530.jpg,MH04FC7443,647,714,609,634
mglkhopat_66_2022-12-11T12-52-00+0530.jpg,MH01ORZ412,1912,1970,687,721
mglkhopat_66_2022-12-11T12-53-00+0530.jpg,MH01DR7412,1912,1972,686,720
mglkhopat_66_2022-12-11T12-54-00+0530.jpg,MH04LE0908,1635,1714,791,829
mglkhopat_66_2022-12-11T12-55-00+0530.jpg,MH04LE0908,1642,1709,796,830
mglkhopat_66_2022-12-11T12-56-00+0530.jpg,MH04LE0908,1640,1710,797,830
mglkhopat_66_2022-12-11T12-59-00+0530.jpg,MH01AT5453,1512,1621,675,715
mglkhopat_66_2022-12-11T13-00-00+0530.jpg,MH01AT5453,1522,1615,681,724
mglkhopat_66_2022-12-11T13-01-00+0530.jpg,MH01AT5453,1510,1618,670,716
mglkhopat_66_2022-12-11T13-02-00+0530.jpg,GJ06HL6562,1442,1554,735,777
mglkhopat_66_2022-12-11T13-03-00+0530.jpg,GJ06HL6562,1436,1555,738,777
mglkhopat_66_2022-12-11T13-04-00+0530.jpg,GJ06HL6562,1440,1554,737,778
mglkhopat_66_2022-12-11T13-05-00+0530.jpg,GJ06HL6562,1443,1556,734,778
mglkhopat_66_2022-12-11T13-06-00+0530.jpg,GJ06HL6562,1442,1555,734,777
mglkhopat_66_2022-12-11T13-07-00+0530.jpg,GJ06HL6562,1444,1551,737,780
mglkhopat_66_2022-12-11T13-08-00+0530.jpg,MH05EL5493,1472,1571,798,848
mglkhopat_66_2022-12-11T13-09-00+0530.jpg,MH06AS4834,1618,1811,1167,1308
mglkhopat_66_2022-12-11T13-10-00+0530.jpg,MH05EL5493,1470,1571,798,846
mglkhopat_66_2022-12-11T13-11-00+0530.jpg,MH05EL5493,1473,1571,798,846
mglkhopat_66_2022-12-11T13-12-00+0530.jpg,MH02DJ3394,1807,1870,623,661
mglkhopat_66_2022-12-11T13-13-00+0530.jpg,MH01CR8991,1212,1336,712,758
mglkhopat_66_2022-12-11T13-14-00+0530.jpg,MH01CR8921,1211,1332,714,757
mglkhopat_66_2022-12-11T13-15-00+0530.jpg,MH01CR8921,1211,1332,713,757
mglkhopat_66_2022-12-11T13-16-00+0530.jpg,MH01CR8911,1206,1329,707,762
mglkhopat_66_2022-12-11T13-17-00+0530.jpg,MH01CR8921,1943,2193,1168,1242
mglkhopat_66_2022-12-11T13-18-00+0530.jpg,MH04KL3846,1474,1579,846,890
mglkhopat_66_2022-12-11T13-19-00+0530.jpg,MH04KL3846,1474,1578,846,889
mglkhopat_66_2022-12-11T13-20-00+0530.jpg,MH04KL3846,1473,1580,846,889
mglkhopat_66_2022-12-11T13-21-00+0530.jpg,MH04KL3846,1474,1579,846,890
mglkhopat_66_2022-12-11T13-22-00+0530.jpg,MH04KL3846,1477,1576,849,891
mglkhopat_66_2022-12-11T13-23-00+0530.jpg,MH04KF2180,1789,1845,729,760
mglkhopat_66_2022-12-11T13-24-00+0530.jpg,MH43CC1354,1614,1712,838,891
mglkhopat_66_2022-12-11T13-25-00+0530.jpg,MH43CC1354,1464,1569,818,863
mglkhopat_66_2022-12-11T13-26-00+0530.jpg,MH43CC1354,1465,1569,818,863
mglkhopat_66_2022-12-11T13-27-00+0530.jpg,MH43CC1354,1464,1570,818,863
mglkhopat_66_2022-12-11T13-28-00+0530.jpg,MH03AJ9329,1806,1865,698,726
mglkhopat_66_2022-12-11T13-29-00+0530.jpg,MH04GE9343,1299,1407,806,842
mglkhopat_66_2022-12-11T13-30-00+0530.jpg,MH04GE9343,1299,1409,810,847
mglkhopat_66_2022-12-11T13-31-00+0530.jpg,MH04GE9343,1298,1410,807,845
mglkhopat_66_2022-12-11T13-32-00+0530.jpg,MH04O1671,2504,2551,653,669
mglkhopat_66_2022-12-11T13-33-00+0530.jpg,MH04GE9343,1298,1405,808,845
mglkhopat_66_2022-12-11T13-34-00+0530.jpg,MH02EH5500,2413,2558,844,893
mglkhopat_66_2022-12-11T13-35-00+0530.jpg,MH02EH5503,1485,1601,855,902
mglkhopat_66_2022-12-11T13-36-00+0530.jpg,MH02EH5503,1485,1600,854,901
mglkhopat_66_2022-12-11T13-37-00+0530.jpg,MH02EH5503,1484,1603,849,898
mglkhopat_66_2022-12-11T13-38-00+0530.jpg,MH02EH5503,1485,1604,850,897
mglkhopat_66_2022-12-11T13-39-00+0530.jpg,MH02EH5503,1488,1599,858,901
mglkhopat_66_2022-12-11T13-40-00+0530.jpg,MH04HN2849,1354,1442,719,754
mglkhopat_66_2022-12-11T13-41-00+0530.jpg,MH12M6329,1921,1990,734,758
mglkhopat_66_2022-12-11T13-42-00+0530.jpg,MH04HN2849,1353,1440,722,758
mglkhopat_66_2022-12-11T13-43-00+0530.jpg,MH04HN2849,1353,1441,722,759
mglkhopat_66_2022-12-11T13-44-00+0530.jpg,MH04HN2849,1350,1440,723,760
mglkhopat_66_2022-12-11T13-45-00+0530.jpg,MH03BC3574,1406,1484,798,832
mglkhopat_66_2022-12-11T13-46-00+0530.jpg,MH01DK6017,1754,1834,635,671
mglkhopat_66_2022-12-11T13-47-00+0530.jpg,MH03BC3574,1403,1480,802,836
mglkhopat_66_2022-12-11T13-48-00+0530.jpg,MH03BC3574,1404,1480,802,836
mglkhopat_66_2022-12-11T13-49-00+0530.jpg,MH01DK6017,1766,1830,642,672
mglkhopat_66_2022-12-11T13-50-00+0530.jpg,MH01DK6017,1766,1831,643,674
mglkhopat_66_2022-12-11T13-51-00+0530.jpg,MH04JV0968,1269,1361,801,836
mglkhopat_66_2022-12-11T13-52-00+0530.jpg,MH04JV0968,1270,1361,802,835
mglkhopat_66_2022-12-11T13-53-00+0530.jpg,MH04W0968,1269,1362,802,835
mglkhopat_66_2022-12-11T13-54-00+0530.jpg,MH04JW0968,1269,1362,802,835
mglkhopat_66_2022-12-11T13-55-00+0530.jpg,MH04JV0968,1271,1358,803,835
mglkhopat_66_2022-12-11T13-56-00+0530.jpg,MM04WV0968,1264,1356,801,835
mglkhopat_66_2022-12-11T13-57-00+0530.jpg,MH01DK6017,1828,2020,954,1032
mglkhopat_66_2022-12-11T13-58-00+0530.jpg,MH04KU8464,1641,1791,985,1042
mglkhopat_66_2022-12-11T13-59-00+0530.jpg,MH04KU8464,1313,1442,802,838
mglkhopat_67_2022-12-11T10-04-00+0530.jpg,MH04CW9461,1291,1498,508,548
mglkhopat_67_2022-12-11T10-05-00+0530.jpg,MH04CW9461,1300,1494,508,546
mglkhopat_67_2022-12-11T10-06-00+0530.jpg,MH04CW9461,247,475,553,607
mglkhopat_67_2022-12-11T10-07-00+0530.jpg,MH04JQ2598,252,465,549,583
mglkhopat_67_2022-12-11T10-08-00+0530.jpg,MH04JQ2598,250,466,547,585
mglkhopat_67_2022-12-11T10-09-00+0530.jpg,MH04JQ2598,252,464,549,584
mglkhopat_67_2022-12-11T10-10-00+0530.jpg,MH04JQ2598,252,462,550,584
mglkhopat_67_2022-12-11T10-11-00+0530.jpg,MH04JH6120,2208,2298,179,227
mglkhopat_67_2022-12-11T11-26-00+0530.jpg,MH04HI0081,188,407,594,662
mglkhopat_67_2022-12-11T11-27-00+0530.jpg,MH04HJ008,85,261,580,633
mglkhopat_67_2022-12-11T11-36-00+0530.jpg,MH04HZ5011,698,848,39,89
mglkhopat_67_2022-12-11T11-38-00+0530.jpg,MH04J7934,1937,2082,267,374
mglkhopat_67_2022-12-11T12-44-00+0530.jpg,MH04FC9325,369,616,601,694
mglkhopat_67_2022-12-11T12-45-00+0530.jpg,MH04FC9325,369,614,600,694
mglkhopat_67_2022-12-11T12-46-00+0530.jpg,MH04FC9325,371,612,599,693
mglkhopat_67_2022-12-11T12-56-00+0530.jpg,MH04G9874,1236,1411,98,146
mglkhopat_67_2022-12-11T12-58-00+0530.jpg,MH04HL5664,366,578,612,673
mglkhopat_67_2022-12-11T12-59-00+0530.jpg,MH04RL5664,365,578,611,674
mglkhopat_67_2022-12-11T13-14-00+0530.jpg,MH04JH8861,295,501,654,731
mglkhopat_67_2022-12-11T13-28-00+0530.jpg,MH03CV2937,1261,1400,97,121
mglkhopat_67_2022-12-11T13-29-00+0530.jpg,MH03CP2937,1264,1400,97,120
mglkhopat_67_2022-12-11T13-49-00+0530.jpg,MH04KI1965,1241,1375,54,82
mglkhopat_67_2022-12-11T13-50-00+0530.jpg,MH04UN224,686,816,971,1026
mglkhopat_68_2022-12-11T10-00-00+0530.jpg,MH02EE5257,844,934,808,838
mglkhopat_68_2022-12-11T10-02-00+0530.jpg,MH04KU5820,699,801,803,831
mglkhopat_68_2022-12-11T10-03-00+0530.jpg,MH04KU5820,702,804,803,832
mglkhopat_68_2022-12-11T10-04-00+0530.jpg,MH04KU5820,699,803,803,832
mglkhopat_68_2022-12-11T10-05-00+0530.jpg,MH04XU5820,698,802,803,832
mglkhopat_68_2022-12-11T10-06-00+0530.jpg,MH04KU5820,552,656,864,893
mglkhopat_68_2022-12-11T10-07-00+0530.jpg,MH04KL4663,40,116,819,853
mglkhopat_68_2022-12-11T10-08-00+0530.jpg,MH04KL4663,38,115,817,854
mglkhopat_68_2022-12-11T10-09-00+0530.jpg,MH04KL4663,39,116,817,855
mglkhopat_68_2022-12-11T10-10-00+0530.jpg,MH04KL4663,41,115,819,855
mglkhopat_68_2022-12-11T10-11-00+0530.jpg,MH04XL4663,42,115,818,853
mglkhopat_68_2022-12-11T10-12-00+0530.jpg,MH05CH3045,868,947,812,839
mglkhopat_68_2022-12-11T10-13-00+0530.jpg,MH01EB3486,309,393,698,730
mglkhopat_68_2022-12-11T10-14-00+0530.jpg,MH05CH3045,868,948,813,838
mglkhopat_68_2022-12-11T10-16-00+0530.jpg,IO1802,475,755,62,156
mglkhopat_68_2022-12-11T10-17-00+0530.jpg,MH04JH1995,1443,1515,606,628
mglkhopat_68_2022-12-11T10-18-00+0530.jpg,MH04GU6933,776,880,805,832
mglkhopat_68_2022-12-11T10-19-00+0530.jpg,MH04GU6933,775,880,805,833
mglkhopat_68_2022-12-11T10-20-00+0530.jpg,HH04GU6933,779,877,807,833
mglkhopat_68_2022-12-11T10-21-00+0530.jpg,MH45AD4401,233,304,788,818
mglkhopat_68_2022-12-11T10-22-00+0530.jpg,MH46AD4401,232,305,788,816
mglkhopat_68_2022-12-11T10-24-00+0530.jpg,MH05EL4009,1180,1285,804,831
mglkhopat_68_2022-12-11T10-25-00+0530.jpg,MH04GU9805,454,539,821,850
mglkhopat_68_2022-12-11T10-26-00+0530.jpg,MH04VL6802,1674,1738,527,546
mglkhopat_68_2022-12-11T10-27-00+0530.jpg,MH04KU9740,1024,1135,864,889
mglkhopat_68_2022-12-11T10-28-00+0530.jpg,MH04KU9740,1027,1139,864,889
mglkhopat_68_2022-12-11T10-29-00+0530.jpg,MH04KU9740,1027,1138,865,889
mglkhopat_68_2022-12-11T10-30-00+0530.jpg,MH04KU9740,1029,1140,871,895
mglkhopat_68_2022-12-11T10-31-00+0530.jpg,MH01DR2441,1602,1651,601,621
mglkhopat_68_2022-12-11T10-32-00+0530.jpg,MH04HF5852,558,645,805,833
mglkhopat_68_2022-12-11T10-33-00+0530.jpg,MH04HF5852,557,647,807,835
mglkhopat_68_2022-12-11T10-34-00+0530.jpg,MH04HF5852,558,645,807,835
mglkhopat_68_2022-12-11T10-35-00+0530.jpg,MH04HF5852,558,645,806,834
mglkhopat_68_2022-12-11T10-36-00+0530.jpg,MH03AT1409,1293,1368,662,685
mglkhopat_68_2022-12-11T10-37-00+0530.jpg,MH04KD4021,557,641,821,846
mglkhopat_68_2022-12-11T10-38-00+0530.jpg,MH04KD4021,562,645,822,848
mglkhopat_68_2022-12-11T10-39-00+0530.jpg,MH04KD4021,552,642,821,847
mglkhopat_68_2022-12-11T10-40-00+0530.jpg,MH03CV1518,1755,1843,605,628
mglkhopat_68_2022-12-11T10-41-00+0530.jpg,MH46BB9218,428,480,772,808
mglkhopat_68_2022-12-11T10-43-00+0530.jpg,MH02CM8898,707,828,797,829
mglkhopat_68_2022-12-11T10-44-00+0530.jpg,GM8898,708,828,797,830
mglkhopat_68_2022-12-11T10-45-00+0530.jpg,MH04GK8898,707,830,798,831
mglkhopat_68_2022-12-11T10-46-00+0530.jpg,MH04GK8898,701,832,798,832
mglkhopat_68_2022-12-11T10-47-00+0530.jpg,MH05BJ2704,85,166,728,758
mglkhopat_68_2022-12-11T10-48-00+0530.jpg,MH04GZ3454,628,731,826,853
mglkhopat_68_2022-12-11T10-49-00+0530.jpg,MH04GZ3454,628,732,826,854
mglkhopat_68_2022-12-11T10-50-00+0530.jpg,HO4GZ3454,646,730,827,857
mglkhopat_68_2022-12-11T10-51-00+0530.jpg,MH04GZ3454,630,735,821,853
mglkhopat_68_2022-12-11T10-52-00+0530.jpg,MH04JH2312,1904,1946,566,582
mglkhopat_68_2022-12-11T10-53-00+0530.jpg,MH04JL3765,727,837,821,851
mglkhopat_68_2022-12-11T10-54-00+0530.jpg,MH01AL3765,728,834,822,850
mglkhopat_68_2022-12-11T10-55-00+0530.jpg,MH01JL3765,723,831,821,851
mglkhopat_68_2022-12-11T10-56-00+0530.jpg,MH04JL3765,724,833,821,852
mglkhopat_68_2022-12-11T10-57-00+0530.jpg,MH01JL3765,723,833,823,852
mglkhopat_68_2022-12-11T10-58-00+0530.jpg,MH04JW8765,722,831,822,852
mglkhopat_68_2022-12-11T10-59-00+0530.jpg,MH01DR3137,214,304,840,869
mglkhopat_68_2022-12-11T11-00-00+0530.jpg,MH03CV6519,762,869,711,743
mglkhopat_68_2022-12-11T11-01-00+0530.jpg,MH03CV6519,762,868,710,741
mglkhopat_68_2022-12-11T11-02-00+0530.jpg,MH03CY6519,756,877,708,746
mglkhopat_68_2022-12-11T11-03-00+0530.jpg,MH03CV6519,467,561,779,829
mglkhopat_68_2022-12-11T11-04-00+0530.jpg,MH46BM8769,1482,1595,728,758
mglkhopat_68_2022-12-11T11-05-00+0530.jpg,MH01CR7301,243,343,741,777
mglkhopat_68_2022-12-11T11-06-00+0530.jpg,MH01CR7301,243,339,741,777
mglkhopat_68_2022-12-11T11-07-00+0530.jpg,MH01CR7301,244,338,738,775
mglkhopat_68_2022-12-11T11-08-00+0530.jpg,MH03BS5165,1166,1276,765,796
mglkhopat_68_2022-12-11T11-09-00+0530.jpg,MH01CR7301,245,344,741,779
mglkhopat_68_2022-12-11T11-10-00+0530.jpg,MH01CR7301,245,345,742,778
mglkhopat_68_2022-12-11T11-12-00+0530.jpg,MH04KX2515,1464,1519,778,818
mglkhopat_68_2022-12-11T11-13-00+0530.jpg,MH43AR1121,605,711,831,855
mglkhopat_68_2022-12-11T11-14-00+0530.jpg,MH43AR1121,599,713,826,855
mglkhopat_68_2022-12-11T11-15-00+0530.jpg,MH43AR1121,606,710,831,856
mglkhopat_68_2022-12-11T11-16-00+0530.jpg,MH03JL0982,808,930,717,748
mglkhopat_68_2022-12-11T11-17-00+0530.jpg,MH04JL0980,806,930,718,749
mglkhopat_68_2022-12-11T11-18-00+0530.jpg,MH04JL0482,807,929,717,749
mglkhopat_68_2022-12-11T11-21-00+0530.jpg,MH04EX9253,1165,1287,689,721
mglkhopat_68_2022-12-11T11-22-00+0530.jpg,MH03AM1669,414,516,811,837
mglkhopat_68_2022-12-11T11-23-00+0530.jpg,MH03AM1669,413,518,808,835
mglkhopat_68_2022-12-11T11-24-00+0530.jpg,MH03AM1659,414,518,809,835
mglkhopat_68_2022-12-11T11-25-00+0530.jpg,MH03AM1669,412,516,809,837
mglkhopat_68_2022-12-11T11-26-00+0530.jpg,MH02F862,1082,1219,1022,1070
mglkhopat_68_2022-12-11T11-27-00+0530.jpg,MH04KW2871,158,292,927,958
mglkhopat_68_2022-12-11T11-28-00+0530.jpg,MH04KW2871,142,212,805,837
mglkhopat_68_2022-12-11T11-29-00+0530.jpg,MH04KW2871,146,217,803,835
mglkhopat_68_2022-12-11T11-30-00+0530.jpg,MH04XW2871,136,225,797,832
mglkhopat_68_2022-12-11T11-31-00+0530.jpg,MH04JB7448,564,700,849,888
mglkhopat_68_2022-12-11T11-32-00+0530.jpg,MH04JB7448,570,696,847,886
mglkhopat_68_2022-12-11T11-33-00+0530.jpg,MH04JB7448,568,697,849,886
mglkhopat_68_2022-12-11T11-34-00+0530.jpg,MH04JB7448,568,698,849,887
mglkhopat_68_2022-12-11T11-36-00+0530.jpg,MH43D9364,734,823,830,853
mglkhopat_68_2022-12-11T11-37-00+0530.jpg,MH43D9364,731,821,828,852
mglkhopat_68_2022-12-11T11-38-00+0530.jpg,MH47AS7281,36,121,798,833
mglkhopat_68_2022-12-11T11-39-00+0530.jpg,MH43D9364,731,820,829,853
mglkhopat_68_2022-12-11T11-40-00+0530.jpg,MH04JH7633,1465,1559,602,631
mglkhopat_68_2022-12-11T11-41-00+0530.jpg,MH04DW6509,791,911,717,750
mglkhopat_68_2022-12-11T11-42-00+0530.jpg,MH04DW6509,792,916,718,749
mglkhopat_68_2022-12-11T11-43-00+0530.jpg,MH04DW6509,791,915,716,748
mglkhopat_68_2022-12-11T11-44-00+0530.jpg,MH04DW6509,793,918,715,749
mglkhopat_68_2022-12-11T11-46-00+0530.jpg,MH04JK2871,468,555,818,846
mglkhopat_68_2022-12-11T11-47-00+0530.jpg,MH04JV8340,1361,1464,783,819
mglkhopat_68_2022-12-11T11-48-00+0530.jpg,MH04JV8340,1361,1466,782,819
mglkhopat_68_2022-12-11T11-49-00+0530.jpg,MH04HX7437,87,214,955,986
mglkhopat_68_2022-12-11T11-50-00+0530.jpg,MH04HX7437,287,390,871,895
mglkhopat_68_2022-12-11T11-51-00+0530.jpg,MH04JY8340,1361,1462,781,817
mglkhopat_68_2022-12-11T11-52-00+0530.jpg,MH04HX7437,368,512,990,1025
mglkhopat_68_2022-12-11T11-53-00+0530.jpg,MH01EE2262,253,340,832,859
mglkhopat_68_2022-12-11T11-54-00+0530.jpg,MH04GP1276,926,1047,726,756
mglkhopat_68_2022-12-11T11-55-00+0530.jpg,MH04GP1276,926,1048,725,755
mglkhopat_68_2022-12-11T11-56-00+0530.jpg,MH04GP1276,926,1050,725,754
mglkhopat_68_2022-12-11T11-57-00+0530.jpg,MH04HF6813,444,551,810,837
mglkhopat_68_2022-12-11T11-58-00+0530.jpg,MH04HF6813,446,551,811,837
mglkhopat_68_2022-12-11T11-59-00+0530.jpg,MH04HF6813,451,547,811,837
mglkhopat_68_2022-12-11T12-00-00+0530.jpg,MH04KU1149,835,976,1315,1430
mglkhopat_68_2022-12-11T12-01-00+0530.jpg,MH04KD5803,143,247,867,898
mglkhopat_68_2022-12-11T12-02-00+0530.jpg,MH04KD5803,141,247,867,899
mglkhopat_68_2022-12-11T12-03-00+0530.jpg,MH04KD5803,140,245,868,899
mglkhopat_68_2022-12-11T12-06-00+0530.jpg,MH04KU1149,1788,1885,654,679
mglkhopat_68_2022-12-11T12-07-00+0530.jpg,MH01DR7895,416,525,864,891
mglkhopat_68_2022-12-11T12-08-00+0530.jpg,MH01DR7895,415,525,863,891
mglkhopat_68_2022-12-11T12-09-00+0530.jpg,MH01DR7895,416,526,863,893
mglkhopat_68_2022-12-11T12-10-00+0530.jpg,MH04GU928,1046,1159,702,732
mglkhopat_68_2022-12-11T12-11-00+0530.jpg,MH01DR7424,312,412,866,892
mglkhopat_68_2022-12-11T12-12-00+0530.jpg,MH01DR7424,309,410,865,891
mglkhopat_68_2022-12-11T12-13-00+0530.jpg,MH01DR7424,304,411,861,893
mglkhopat_68_2022-12-11T12-14-00+0530.jpg,MH01DR7424,279,386,881,909
mglkhopat_68_2022-12-11T12-15-00+0530.jpg,MH05AX8623,967,1065,804,829
mglkhopat_68_2022-12-11T12-16-00+0530.jpg,MH02FG2488,635,855,1294,1340
mglkhopat_68_2022-12-11T12-17-00+0530.jpg,MH02FG2488,1228,1346,816,848
mglkhopat_68_2022-12-11T12-18-00+0530.jpg,MH02FG2488,1227,1346,818,850
mglkhopat_68_2022-12-11T12-19-00+0530.jpg,MH02FG2488,1227,1349,816,849
mglkhopat_68_2022-12-11T12-21-00+0530.jpg,MH04KW2400,1035,1152,824,852
mglkhopat_68_2022-12-11T12-22-00+0530.jpg,MH04KW2400,1034,1152,824,853
mglkhopat_68_2022-12-11T12-23-00+0530.jpg,MH04KW2400,1033,1154,817,849
mglkhopat_68_2022-12-11T12-24-00+0530.jpg,MH04KW2400,1039,1156,821,851
mglkhopat_68_2022-12-11T12-25-00+0530.jpg,KA49135,213,322,848,881
mglkhopat_68_2022-12-11T12-26-00+0530.jpg,MH04CW7973,1648,1726,585,602
mglkhopat_68_2022-12-11T12-27-00+0530.jpg,MH02EH1979,327,404,818,845
mglkhopat_68_2022-12-11T12-28-00+0530.jpg,MH47N0113,890,1016,812,844
mglkhopat_68_2022-12-11T12-31-00+0530.jpg,MH47N0113,892,1013,814,845
mglkhopat_68_2022-12-11T12-32-00+0530.jpg,MH03AW5578,732,860,813,855
mglkhopat_68_2022-12-11T12-33-00+0530.jpg,MH04KR2044,1790,1867,651,675
mglkhopat_68_2022-12-11T12-34-00+0530.jpg,MH04KR2045,1793,1867,652,675
mglkhopat_68_2022-12-11T12-35-00+0530.jpg,MH04KR2045,1793,1868,651,673
mglkhopat_68_2022-12-11T12-36-00+0530.jpg,MH04KR2045,1612,1830,1242,1296
mglkhopat_68_2022-12-11T12-37-00+0530.jpg,MH04GE1676,45,134,828,860
mglkhopat_68_2022-12-11T12-38-00+0530.jpg,MH03AW5578,839,983,815,849
mglkhopat_68_2022-12-11T12-40-00+0530.jpg,MH04HF5358,390,489,812,842
mglkhopat_68_2022-12-11T12-41-00+0530.jpg,MH04HF5358,390,504,800,833
mglkhopat_68_2022-12-11T12-42-00+0530.jpg,MH04HF5358,396,495,806,836
mglkhopat_68_2022-12-11T12-43-00+0530.jpg,MH04HF5358,399,488,808,836
mglkhopat_68_2022-12-11T12-44-00+0530.jpg,MH04FZ9988,1169,1285,813,843
mglkhopat_68_2022-12-11T12-45-00+0530.jpg,MH03AZ2581,420,521,844,874
mglkhopat_68_2022-12-11T12-46-00+0530.jpg,MH03AZ2581,419,523,843,874
mglkhopat_68_2022-12-11T12-47-00+0530.jpg,MH04HY3111,1149,1250,794,819
mglkhopat_68_2022-12-11T12-48-00+0530.jpg,MH04HX1763,623,723,828,853
mglkhopat_68_2022-12-11T12-49-00+0530.jpg,MH04HX1763,624,722,828,852
mglkhopat_68_2022-12-11T12-50-00+0530.jpg,MH04HX1763,620,719,829,851
mglkhopat_68_2022-12-11T12-53-00+0530.jpg,MH04KU4168,1107,1225,693,727
mglkhopat_68_2022-12-11T12-54-00+0530.jpg,MH04GJ9646,301,420,856,883
mglkhopat_68_2022-12-11T12-55-00+0530.jpg,MH04GJ9646,303,421,855,883
mglkhopat_68_2022-12-11T12-56-00+0530.jpg,MH04GJ9646,303,420,856,883
mglkhopat_68_2022-12-11T12-57-00+0530.jpg,MH04GN1845,1559,1633,582,607
mglkhopat_68_2022-12-11T12-58-00+0530.jpg,MH04JV0378,953,1068,690,729
mglkhopat_68_2022-12-11T12-59-00+0530.jpg,MH04JV0378,954,1065,692,728
mglkhopat_68_2022-12-11T13-00-00+0530.jpg,MH04JV0378,954,1067,690,729
mglkhopat_68_2022-12-11T13-02-00+0530.jpg,MH01HR0831,309,416,833,857
mglkhopat_68_2022-12-11T13-03-00+0530.jpg,MH04KF5791,1007,1104,712,741
mglkhopat_68_2022-12-11T13-04-00+0530.jpg,MH04KF5791,999,1098,714,741
mglkhopat_68_2022-12-11T13-05-00+0530.jpg,MH04KF5791,999,1097,713,741
mglkhopat_68_2022-12-11T13-06-00+0530.jpg,MH04KF5791,999,1096,714,741
mglkhopat_68_2022-12-11T13-07-00+0530.jpg,MH04FA8545,90,174,827,852
mglkhopat_68_2022-12-11T13-08-00+0530.jpg,MH04HV5312,658,740,807,835
mglkhopat_68_2022-12-11T13-09-00+0530.jpg,MH04HV5312,538,643,846,879
mglkhopat_68_2022-12-11T13-12-00+0530.jpg,MH04KW4898,639,715,676,714
mglkhopat_68_2022-12-11T13-13-00+0530.jpg,MH04GJ3533,1738,1811,592,624
mglkhopat_68_2022-12-11T13-14-00+0530.jpg,MH04KW4898,638,718,675,716
mglkhopat_68_2022-12-11T13-15-00+0530.jpg,MH04GJ3533,1745,1827,590,618
mglkhopat_68_2022-12-11T13-18-00+0530.jpg,MH03CV6704,441,534,876,909
mglkhopat_68_2022-12-11T13-19-00+0530.jpg,MH06C6704,446,538,880,911
mglkhopat_68_2022-12-11T13-20-00+0530.jpg,MH64M6704,439,530,877,910
mglkhopat_68_2022-12-11T13-21-00+0530.jpg,MH04UK9453,305,401,830,865
mglkhopat_68_2022-12-11T13-22-00+0530.jpg,MH04JK9453,309,389,832,862
mglkhopat_68_2022-12-11T13-24-00+0530.jpg,UL01JB7082,416,517,835,878
mglkhopat_68_2022-12-11T13-25-00+0530.jpg,MH04JB7881,416,513,832,874
mglkhopat_68_2022-12-11T13-26-00+0530.jpg,MH04HZ9279,1417,1517,1307,1411
mglkhopat_68_2022-12-11T13-27-00+0530.jpg,MH04JY7440,32,90,760,795
mglkhopat_68_2022-12-11T13-28-00+0530.jpg,MH47AU5013,375,468,854,890
mglkhopat_68_2022-12-11T13-29-00+0530.jpg,MH47AU5013,375,463,855,892
mglkhopat_68_2022-12-11T13-30-00+0530.jpg,MH01DR2331,304,405,830,855
mglkhopat_68_2022-12-11T13-31-00+0530.jpg,MH01DR2331,307,407,828,852
mglkhopat_68_2022-12-11T13-32-00+0530.jpg,MH01DR2331,305,408,825,851
mglkhopat_68_2022-12-11T13-33-00+0530.jpg,MH01DR2331,303,413,826,853
mglkhopat_68_2022-12-11T13-34-00+0530.jpg,MH01DR2331,308,405,829,854
mglkhopat_68_2022-12-11T13-35-00+0530.jpg,MH04JZ7862,180,270,860,883
mglkhopat_68_2022-12-11T13-36-00+0530.jpg,MH04HN3036,916,1041,821,852
mglkhopat_68_2022-12-11T13-37-00+0530.jpg,MH05BJ1043,686,784,847,879
mglkhopat_68_2022-12-11T13-38-00+0530.jpg,MH05BJ1043,846,941,803,830
mglkhopat_68_2022-12-11T13-39-00+0530.jpg,MH04FC5773,135,245,1094,1172
mglkhopat_68_2022-12-11T13-40-00+0530.jpg,MH05BJ1043,843,944,802,831
mglkhopat_68_2022-12-11T13-41-00+0530.jpg,MH05BJ1043,845,946,802,831
mglkhopat_68_2022-12-11T13-43-00+0530.jpg,MH47X5521,1613,1719,665,696
mglkhopat_68_2022-12-11T13-44-00+0530.jpg,MH47X5521,1608,1719,667,698
mglkhopat_68_2022-12-11T13-45-00+0530.jpg,MH46X5691,125,220,839,871
mglkhopat_68_2022-12-11T13-46-00+0530.jpg,MH46X5691,125,217,837,868
mglkhopat_68_2022-12-11T13-47-00+0530.jpg,MH47Y5521,1591,1698,752,786
mglkhopat_68_2022-12-11T13-48-00+0530.jpg,MH46X5691,125,220,837,869
mglkhopat_68_2022-12-11T13-49-00+0530.jpg,MH04KL7559,899,1027,712,743
mglkhopat_68_2022-12-11T13-50-00+0530.jpg,MH04KL7559,895,1030,711,744
mglkhopat_68_2022-12-11T13-51-00+0530.jpg,MH04LH1215,152,267,898,928
mglkhopat_68_2022-12-11T13-52-00+0530.jpg,MH04LH1215,151,268,900,929
mglkhopat_68_2022-12-11T13-53-00+0530.jpg,MH04HY1595,397,484,836,861
mglkhopat_68_2022-12-11T13-54-00+0530.jpg,MH01DR5517,724,846,950,987
mglkhopat_68_2022-12-11T13-55-00+0530.jpg,MH04HY1595,393,485,834,857
mglkhopat_68_2022-12-11T13-56-00+0530.jpg,MH01DR5517,1052,1168,824,852
mglkhopat_68_2022-12-11T13-57-00+0530.jpg,MH01DR5517,1055,1168,828,855
mglkhopat_68_2022-12-11T13-58-00+0530.jpg,MH02DJ4970,140,234,743,777
mglkhopat_68_2022-12-11T13-59-00+0530.jpg,MH03AF9653,517,584,998,1077
